{
  "project_info": {
    "project_number": "41730968516",
    "project_id": "giris-kayit-6089d",
    "storage_bucket": "giris-kayit-6089d.appspot.com"
  },
  "client": [
    {
      "client_info": {
        "mobilesdk_app_id": "1:41730968516:android:8523c28efe0c2383757291",
        "android_client_info": {
          "package_name": "com.example.loginscreen"
        }
      },
      "oauth_client": [
        {
          "client_id": "41730968516-4il6f4341uenh1apkfjsdjcvagdkm663.apps.googleusercontent.com",
          "client_type": 3
        }
      ],
      "api_key": [
        {
          "current_key": "AIzaSyDGfxChjDmEbEQWyS7rsE1tvo8EmHr5BAQ"
        }
      ],
      "services": {
        "appinvite_service": {
          "other_platform_oauth_client": [
            {
              "client_id": "41730968516-4il6f4341uenh1apkfjsdjcvagdkm663.apps.googleusercontent.com",
              "client_type": 3
            }
          ]
        }
      }
    }
  ],
  "configuration_version": "1"
}